"Date de vaccination","0-4 ans","5-11 ans","12-17 ans","18-29 ans","30-49 ans","50-69 ans","70-79 ans","80 ans et plus","Ensemble du Québec","12 ans et plus"
"2020-12-14 00:00:00",0,0,0,0.0005002001,0.001576637,0.0020935076,0.0033333889,0.0321005046,0.0029628451,0.0033829846
"2020-12-15 00:00:00",0,0,0,0.0093370682,0.0204524861,0.0213359608,0.008718094,0.0593512927,0.0161323417,0.0184199517
"2020-12-16 00:00:00",0,0,0.0001762848,0.0204248366,0.0396349034,0.038529449,0.0101283739,0.0595822316,0.0274471438,0.0313392237
"2020-12-17 00:00:00",0,0,0.0001762848,0.0313458717,0.0586421389,0.0544311984,0.0112822393,0.0605059871,0.03835368,0.0437923364
"2020-12-18 00:00:00",0,0,0.0001762848,0.039849273,0.0746274867,0.0672149578,0.0123078974,0.0609678649,0.0472655448,0.053967928
"2020-12-19 00:00:00",0,0,0.0003525695,0.0487695078,0.0892551748,0.0791969483,0.0141027991,0.0611988037,0.0557341493,0.0636374037
"2020-12-20 00:00:00",0,0,0.0003525695,0.0496031746,0.0919266986,0.0816022549,0.0143592137,0.0614297426,0.0572272366,0.0653422149
"2020-12-21 00:00:00",0,0,0.0003525695,0.0546885421,0.0992843382,0.0879718633,0.0200003333,0.0847545697,0.0632579095,0.0722280537
"2020-12-22 00:00:00",0,0,0.0005288543,0.0667767107,0.1225397345,0.1145638645,0.0424366047,0.1960671108,0.0857825311,0.0979467281
"2020-12-23 00:00:00",0,0,0.0008814238,0.1071261838,0.1868314895,0.1735829626,0.0629497671,0.2665034699,0.1294553346,0.1478124543
"2020-12-24 00:00:00",0,0,0.0019391324,0.1426403895,0.2367583291,0.2211991255,0.0756422863,0.3180028405,0.1640179726,0.1872761686
"2020-12-25 00:00:00",0,0,0.0019391324,0.1430572229,0.2368459201,0.221288211,0.0757704936,0.3184647183,0.1641579495,0.1874359947
"2020-12-26 00:00:00",0,0,0.0028205562,0.1806555956,0.2967143322,0.272957761,0.0830783077,0.3320901124,0.2003069927,0.2287110709
"2020-12-27 00:00:00",0,0,0.00370198,0.2109177004,0.3399842599,0.3140261448,0.0857706603,0.332782929,0.2271592346,0.2593710339
"2020-12-28 00:00:00",0,0,0.0044071191,0.2400126717,0.3906556226,0.3587024885,0.0888476346,0.3374017066,0.2569859863,0.2934273004
"2020-12-29 00:00:00",0,0,0.0051122581,0.2704415099,0.436027733,0.4025770634,0.093847718,0.3422514232,0.2855646104,0.3260584513
"2020-12-30 00:00:00",0,0,0.0052885429,0.3087068161,0.4992683966,0.4542466134,0.100129874,0.3498724063,0.3222618966,0.3679595129
"2020-12-31 00:00:00",0,0,0.0052885429,0.3142090169,0.5061004905,0.4615516188,0.1017965684,0.3501033451,0.3269277944,0.3732870477
"2021-01-01 00:00:00",0,0,0.0052885429,0.3152927838,0.5075019456,0.4621752168,0.1026940193,0.3510271007,0.3277443265,0.3742193663
"2021-01-02 00:00:00",0,0.0001514158,0.0054648277,0.3256302521,0.5199398601,0.4736226947,0.1052581646,0.352412734,0.3358279945,0.3834360016
"2021-01-03 00:00:00",0,0.0001514158,0.005993682,0.35405829,0.5528302606,0.495493168,0.1079505171,0.3533364895,0.3546198979,0.4048926482
"2021-01-04 00:00:00",0,0.0001514158,0.0063462515,0.391823396,0.6032388504,0.5308155415,0.1244892543,0.4182303153,0.3873861652,0.4423052616
"2021-01-05 00:00:00",0,0.0001514158,0.0068751058,0.4551820728,0.6889903873,0.5956251926,0.1810286582,0.7048254679,0.4557182386,0.5203270094
"2021-01-06 00:00:00",0,0.0001514158,0.0079328144,0.5706449246,0.846697887,0.7252890377,0.2780815578,1.1267508054,0.5780464143,0.6600016542
"2021-01-07 00:00:00",0,0.0001514158,0.0098719467,0.6696845405,1.0098798208,0.8753979892,0.4424432715,1.9354987703,0.7306096077,0.8341987248
"2021-01-08 00:00:00",0,0.0003028316,0.0114585096,0.7873982927,1.1867259424,1.0323665188,0.5968048185,2.5816657622,0.8820879799,1.0071438247
"2021-01-09 00:00:00",0,0.0003028316,0.0118110791,0.8787681739,1.327221821,1.1416298001,0.6786010536,2.8620255649,0.9825330949,1.121832331
"2021-01-10 00:00:00",0,0.0003028316,0.013397642,0.9610510871,1.4478345547,1.2269291005,0.7362943229,3.0705633754,1.0643962719,1.2153039299
"2021-01-11 00:00:00",0,0.0003028316,0.0137502115,1.0485861011,1.5663889012,1.3105357776,0.7919362759,3.3444568895,1.1490356581,1.3119454119
"2021-01-12 00:00:00",0,0.0004542474,0.0153367744,1.14579165,1.7018920958,1.4083070383,0.8628348934,3.5599228664,1.2417820417,1.417830167
"2021-01-13 00:00:00",0,0.0004542474,0.016394483,1.2552521008,1.8642419157,1.5243408124,0.9271949404,3.7998683648,1.3487710783,1.539990541
"2021-01-14 00:00:00",0,0.0004542474,0.0174521916,1.4084800587,2.0739346423,1.6784140655,1.0105296627,4.0555177072,1.4869749713,1.6977921231
"2021-01-15 00:00:00",0,0.0004542474,0.0192150392,1.5621248499,2.2859923244,1.8350262535,1.0754025388,4.1986998141,1.6192181798,1.8487877794
"2021-01-16 00:00:00",0,0.0004542474,0.0213304564,1.6809223689,2.4232911335,1.9500800878,1.1400190003,4.3917647195,1.7183101845,1.9619313006
"2021-01-17 00:00:00",0,0.0004542474,0.0222118802,1.781212485,2.5199915387,2.0353348454,1.2141227995,4.6273223791,1.7991235344,2.0542042041
"2021-01-18 00:00:00",0,0.0004542474,0.0229170192,1.8865046018,2.6482246848,2.1594753937,1.3437403444,5.169797813,1.9197603222,2.1919476175
"2021-01-19 00:00:00",0,0.0004542474,0.0241510126,1.9997165533,2.7945891569,2.2888274397,1.4722040239,5.5755574287,2.0407237227,2.3300639584
"2021-01-20 00:00:00",0,0.0004542474,0.0252087212,2.1324363079,2.954836794,2.4353284313,1.6373349812,6.013417549,2.1775511759,2.4862939177
"2021-01-21 00:00:00",0,0.0004542474,0.0273241383,2.2924169668,3.1643543387,2.6208042989,1.7952863317,6.4893825849,2.3428639351,2.6750484772
"2021-01-22 00:00:00",0,0.0004542474,0.0283818469,2.4488128585,3.3548646479,2.7732740143,1.8969546928,6.8491853631,2.4829108577,2.8349544356
"2021-01-23 00:00:00",0,0.0004542474,0.029792125,2.5696945445,3.4973751183,2.890465899,1.9608019108,7.0147685415,2.5827377412,2.9489370436
"2021-01-24 00:00:00",0,0.0004542474,0.029792125,2.5859510471,3.5211122649,2.9235611367,1.9992640903,7.0909783726,2.6073503521,2.9770397899
"2021-01-25 00:00:00",0,0.0004542474,0.0299684098,2.6252167534,3.5763821523,2.9849409987,2.0718294023,7.2928189555,2.6604482691,3.0376671364
"2021-01-26 00:00:00",0,0.0004542474,0.0313786879,2.6775710284,3.6345863364,3.0405303078,2.1293944643,7.4269944459,2.7099417801,3.0941789623
"2021-01-27 00:00:00",0,0.0004542474,0.0315549726,2.7149193011,3.6770241501,3.0918435161,2.1860620754,7.6288350288,2.7552709773,3.1459359633
"2021-01-28 00:00:00",0,0.0004542474,0.0317312574,2.7574363079,3.7219145104,3.1320655883,2.2368321523,7.7660127247,2.7952693862,3.1916062558
"2021-01-29 00:00:00",0,0.0004542474,0.0320838269,2.7768607443,3.7442939973,3.1536688053,2.2863201566,7.9366765585,2.8227515243,3.222985436
"2021-01-30 00:00:00",0,0.0004542474,0.0320838269,2.785280779,3.7543231607,3.1635572882,2.2941407998,7.9401406418,2.8300769838,3.2313496657
"2021-01-31 00:00:00",0,0.0004542474,0.0320838269,2.7922835801,3.7634764146,3.1814189171,2.30632049,7.9512257081,2.839840375,3.2424975324
"2021-02-01 00:00:00",0,0.0004542474,0.032788966,2.8003701481,3.771928941,3.1885902943,2.3151667912,7.9544588525,2.8461160075,3.2496630667
"2021-02-02 00:00:00",0,0.0004542474,0.032788966,2.8049553155,3.7757391472,3.1958062142,2.3408082442,8.0272046003,2.8556694333,3.2605711943
"2021-02-03 00:00:00",0,0.0004542474,0.032788966,2.8310490863,3.8099872073,3.2293914218,2.3755524131,8.2475202938,2.8915268579,3.3015132996
"2021-02-04 00:00:00",0,0.0004542474,0.0331415355,2.8783179939,3.8770380771,3.2950028418,2.4396560455,8.4987817974,2.9517286043,3.3702518179
"2021-02-05 00:00:00",0,0.0004542474,0.0333178203,2.9326730692,3.9412860366,3.3577635281,2.4911953661,8.7724443726,3.0114054372,3.4383909886
"2021-02-06 00:00:00",0,0.0004542474,0.0340229593,2.9712718421,3.9705414128,3.3902797104,2.5324781054,9.0407953535,3.0504706666,3.4829957741
"2021-02-07 00:00:00",0,0.0004542474,0.0340229593,3.0072028812,3.9947165141,3.4182079931,2.5556836204,9.1920603212,3.0790026317,3.5155736496
"2021-02-08 00:00:00",0,0.0004542474,0.0341992441,3.0268774176,4.0185850471,3.4585191507,2.6282489324,9.4918189901,3.1204241394,3.5628688402
"2021-02-09 00:00:00",0,0.0004542474,0.0341992441,3.0589735894,4.0570812682,3.5086742484,2.7046604623,9.6606353129,3.1637819948,3.6123749578
"2021-02-10 00:00:00",0,0.0004542474,0.0341992441,3.105992397,4.1164241346,3.5852431765,2.804662129,10.007274575,3.2328256176,3.6912091546
"2021-02-11 00:00:00",0,0.0004542474,0.0345518136,3.168767507,4.1830370497,3.6778920249,2.9919729431,10.908629031,3.3462069342,3.8206682513
"2021-02-12 00:00:00",0,0.0006056633,0.0345518136,3.2329598506,4.2591097869,3.7680910239,3.172360565,11.893814302,3.4652573167,3.9565869841
"2021-02-13 00:00:00",0,0.0006056633,0.0349043831,3.2486327864,4.2784235907,3.79000604,3.204797003,11.97903075,3.4856122959,3.9798283548
"2021-02-14 00:00:00",0,0.0006056633,0.0349043831,3.2563858877,4.2888907088,3.8043487944,3.2224896056,12.032146692,3.4975336647,3.9934402063
"2021-02-15 00:00:00",0,0.0006056633,0.0349043831,3.2839802588,4.3230073826,3.8496487361,3.2764648642,12.159624955,3.5336943727,4.0347286014
"2021-02-16 00:00:00",0,0.0006056633,0.0354332374,3.2984026944,4.3424087773,3.8760180238,3.3332606825,12.259159613,3.558015365,4.0624983768
"2021-02-17 00:00:00",0,0.0006056633,0.0356095222,3.3189108977,4.3673721971,3.9097368595,3.3990310095,12.422664342,3.5906183259,4.0997245265
"2021-02-18 00:00:00",0,0.0007570791,0.0359620917,3.3738495398,4.4398537056,3.9985550343,3.6962154497,13.621699017,3.7285072708,4.2571531811
"2021-02-19 00:00:00",0,0.0007570791,0.0380775089,3.4464619181,4.5323497454,4.1220719846,4.0919912768,15.765966537,3.9401057362,4.4987568863
"2021-02-20 00:00:00",0,0.0007570791,0.0393115022,3.5023175937,4.5962473411,4.2119146419,4.4155864136,17.606318488,4.1109475844,4.6938245747
"2021-02-21 00:00:00",0,0.0007570791,0.0400166413,3.5240762972,4.6205100333,4.2595753476,4.6645649222,18.817131046,4.216793476,4.8146797026
"2021-02-22 00:00:00",0,0.0007570791,0.0426609127,3.5483360011,4.6465245445,4.3193962146,4.9866215719,20.452871148,4.3548807216,4.9723480963
"2021-02-23 00:00:00",0,0.0007570791,0.0433660518,3.5706782713,4.672933215,4.3731147296,5.2453438327,21.969446786,4.4792968865,5.114406813
"2021-02-24 00:00:00",0,0.0007570791,0.0449526147,3.5891856743,4.6985535669,4.4359645012,5.5008609118,23.264321097,4.5939263308,5.2452910252
"2021-02-25 00:00:00",0,0.0007570791,0.046186608,3.6378718154,4.7684511424,4.5494147978,5.8759953692,24.77997298,4.759833992,5.4347248455
"2021-02-26 00:00:00",0,0.0007570791,0.0505937271,3.7261571295,4.8731223238,4.7035325937,6.2751045851,26.473216863,4.9625555869,5.6661929156
"2021-02-27 00:00:00",0,0.0007570791,0.0555297005,3.8034380419,4.9529176763,4.8206353929,6.5665196984,27.706430493,5.1144188957,5.839590856
"2021-02-28 00:00:00",0,0.0007570791,0.0560585547,3.8182773109,4.9780562781,4.8738193953,6.7408815788,28.514485641,5.1938324763,5.930265499
"2021-03-01 00:00:00",0,0.0007570791,0.0567636938,3.845871682,5.0116474061,4.9389408455,7.2237101388,31.350184174,5.4109017069,6.1781157388
"2021-03-02 00:00:00",0,0.0007570791,0.0572925481,3.8628784847,5.0356035301,4.9992071397,7.826156077,33.927000219,5.6204471773,6.4173753287
"2021-03-03 00:00:00",0,0.0007570791,0.0578214024,3.8838868881,5.062143587,5.0676247508,8.5706556648,36.36225073,5.8391494722,6.6670902057
"2021-03-04 00:00:00",0,0.0007570791,0.0592316805,3.9212351607,5.105720083,5.1514095988,9.4610551201,38.550396638,6.0695515057,6.9301638763
"2021-03-05 00:00:00",0,0.0007570791,0.0616996672,3.9724223023,5.1567418095,5.2428112511,10.496456992,40.554484256,6.3098335779,7.204518602
"2021-03-06 00:00:00",0,0.0009084949,0.0634625148,4.0011838069,5.1880993684,5.3061955354,11.466344952,41.922797132,6.4962945189,7.4174068943
"2021-03-07 00:00:00",0,0.0009084949,0.0638150843,4.0174403095,5.2026832611,5.3609385328,12.623415518,43.081417503,6.680609147,7.6278578395
"2021-03-08 00:00:00",0,0.0009084949,0.0643439386,4.0350306789,5.2237050883,5.4306924254,13.79010163,44.394535986,6.8794463819,7.8548907369
"2021-03-09 00:00:00",0,0.0009084949,0.0648727929,4.0557889823,5.2460407797,5.5044997051,15.210381711,45.600960706,7.0978220639,8.1042326865
"2021-03-10 00:00:00",0.0002473747,0.0009084949,0.0654016472,4.08321662,5.275120974,5.5976830661,16.534634552,46.978973015,7.3239431362,8.362405025
"2021-03-11 00:00:00",0.0002473747,0.0009084949,0.0678696339,4.1388221955,5.3341134767,5.7319348108,18.374408804,49.474267635,7.6761834262,8.7645939493
"2021-03-12 00:00:00",0.0002473747,0.0009084949,0.0694561968,4.2096838735,5.4120256239,5.9763406912,20.21777286,52.239760747,8.0783604875,9.2238008152
"2021-03-13 00:00:00",0.0004947495,0.0009084949,0.072276753,4.2805455516,5.4805217442,6.2821264336,22.196651995,54.419823794,8.4769564722,9.6789054793
"2021-03-14 00:00:00",0.0004947495,0.0009084949,0.0733344616,4.3148926237,5.5173099419,6.5889366585,23.97963043,55.924852488,8.8102182229,10.059424656
"2021-03-15 00:00:00",0.0004947495,0.0009084949,0.0738633158,4.3451547286,5.5557623675,6.9080852156,26.124281559,57.236354399,9.1696789897,10.46985794
"2021-03-16 00:00:00",0.0004947495,0.0009084949,0.0742158854,4.3724156329,5.589572473,7.2355187177,28.264189019,58.482731545,9.5259202871,10.876615225
"2021-03-17 00:00:00",0.0004947495,0.0009084949,0.0747447397,4.4301053755,5.6575430477,7.5158705696,29.873703023,60.08683302,9.8530113879,11.250088737
"2021-03-18 00:00:00",0.0004947495,0.0009084949,0.0787992892,4.5114712552,5.7561266583,7.7936834866,32.185408218,63.11305613,10.326856639,11.791126538
"2021-03-19 00:00:00",0.0004947495,0.0009084949,0.0807384216,4.5960050687,5.8569000425,8.0722090871,34.574294187,66.41802247,10.82287657,12.357483448
"2021-03-20 00:00:00",0.0004947495,0.0009084949,0.082677554,4.6485260771,5.904593313,8.2972388861,36.441504794,68.202025334,11.161982358,12.744675362
"2021-03-21 00:00:00",0.0004947495,0.0009084949,0.0833826931,4.7028811525,5.9595566321,8.4724253865,37.750372763,69.474960452,11.413532573,13.031896084
"2021-03-22 00:00:00",0.0004947495,0.0009084949,0.0844404016,4.7383953581,6.0464030559,8.8732652839,39.175011891,70.572612958,11.731735139,13.395220642
"2021-03-23 00:00:00",0.0004947495,0.0009084949,0.0849692559,4.7824963319,6.1319356154,9.4980659553,40.882476246,71.478355253,12.125443596,13.844758032
"2021-03-24 00:00:00",0.0007421242,0.0009084949,0.085674395,4.8336001067,6.2245192461,10.116274305,43.416108217,72.699791,12.611420181,14.399634105
"2021-03-25 00:00:00",0.0009894989,0.0009084949,0.086379534,4.910130719,6.3425042514,10.86940254,46.607571665,75.196009376,13.267293771,15.14849904
"2021-03-26 00:00:00",0.0012368737,0.0009084949,0.0879660969,4.9879951981,6.4507228662,11.644980303,49.709546441,77.469140792,13.907279979,15.87922372
"2021-03-27 00:00:00",0.0012368737,0.0009084949,0.0892000903,5.0245931706,6.508708073,12.277754121,52.856265553,78.825213907,14.448430806,16.497111211
"2021-03-28 00:00:00",0.0012368737,0.0009084949,0.0897289445,5.060190743,6.562926869,12.872933886,55.394641193,79.848735032,14.90640034,17.020022075
"2021-03-29 00:00:00",0.0012368737,0.0009084949,0.0900815141,5.1162131519,6.6749994854,13.624191327,58.021992674,80.705749223,15.423183516,17.610086515
"2021-03-30 00:00:00",0.0012368737,0.0009084949,0.0907866531,5.203998266,6.8111596122,14.461772551,60.297543421,81.340138332,15.930203301,18.189003089
"2021-03-31 00:00:00",0.0014842484,0.0009084949,0.0911392227,5.2797785781,6.9319037323,15.24826328,62.555273357,82.126023348,16.424076919,18.752896015
"2021-04-01 00:00:00",0.0017316231,0.0009084949,0.0927257855,5.3632286248,7.0553193763,16.135420546,65.317883503,83.143771001,17.003826386,19.414842219
"2021-04-02 00:00:00",0.0017316231,0.0009084949,0.0939597789,5.4309223689,7.1574066248,17.070639402,67.723821038,84.230338441,17.559266526,20.049045286
"2021-04-03 00:00:00",0.0017316231,0.0009084949,0.096075196,5.4806089102,7.2252020176,17.918821792,69.934755323,84.960105308,18.044554891,20.603148866
"2021-04-04 00:00:00",0.0017316231,0.0009084949,0.0964277656,5.4996165133,7.2575668724,18.454492489,71.033619791,85.246238583,18.31056939,20.906884946
"2021-04-05 00:00:00",0.0017316231,0.0009084949,0.0974854741,5.537464986,7.2917273416,19.313454216,73.114808324,86.120111313,18.783469797,21.446843922
"2021-04-06 00:00:00",0.0017316231,0.0009084949,0.0992483218,5.5951547286,7.3511140036,20.330453498,75.091507935,86.780134637,19.286990159,22.021764844
"2021-04-07 00:00:00",0.0019789979,0.0009084949,0.0999534608,5.6821895425,7.4430407022,21.361528278,77.289493286,87.522372204,19.831197149,22.643128552
"2021-04-08 00:00:00",0.0019789979,0.0009084949,0.1031265866,5.8017373616,7.5954051541,23.372231002,79.270167323,88.106416637,20.624983013,23.549475418
"2021-04-09 00:00:00",0.0022263726,0.0009084949,0.105065719,5.9351240496,7.7899884424,25.609789776,81.065325448,88.824174682,21.481163596,24.527051424
"2021-04-10 00:00:00",0.0024737474,0.0009084949,0.1073574209,6.0254101641,7.9075354929,27.517509741,82.49073382,89.460180363,22.186670673,25.332588011
"2021-04-11 00:00:00",0.0024737474,0.0009084949,0.1103542619,6.1260337468,8.0435204378,29.51467148,83.194976327,89.650243063,22.833854028,26.071543732
"2021-04-12 00:00:00",0.0027211221,0.0010599107,0.1122933943,6.2574196345,8.2536949146,31.496065097,84.137427931,89.927138783,23.526984812,26.862935714
"2021-04-13 00:00:00",0.0027211221,0.0010599107,0.1156428048,6.4968487395,8.5852266481,33.808722889,84.860132284,90.200108541,24.334185132,27.784599242
"2021-04-14 00:00:00",0.0027211221,0.0010599107,0.1228704801,6.7406962785,8.9392254595,36.019511491,85.728608297,90.544207475,25.138422607,28.702879786
"2021-04-15 00:00:00",0.0032158716,0.0010599107,0.1299218706,7.0583233293,9.4130048906,38.274219211,86.778625798,91.059201182,26.021548749,29.711208987
"2021-04-16 00:00:00",0.0034632463,0.0010599107,0.1341527049,7.4211351207,9.9227404054,40.275567964,87.892618723,91.523850213,26.857304364,30.665463709
"2021-04-17 00:00:00",0.0034632463,0.0010599107,0.1404989564,7.7370948379,10.35517691,41.893804821,88.684426792,91.871875108,27.530511764,31.434133755
"2021-04-18 00:00:00",0.0034632463,0.0010599107,0.1433195126,7.9656029078,10.679175822,43.063362904,89.0604587,92.022447259,27.99706655,31.966847283
"2021-04-19 00:00:00",0.003710621,0.0010599107,0.1471977774,8.2725590236,11.156590277,44.365925535,89.435336743,92.164243733,28.549823798,32.597973699
"2021-04-20 00:00:00",0.0039579958,0.0010599107,0.1503709031,8.6379551821,11.731887616,45.862293522,89.688802506,92.289874485,29.175672335,33.312555947
"2021-04-21 00:00:00",0.0042053705,0.0010599107,0.155659446,9.0740462852,12.877139245,48.040254143,90.165220702,92.463540524,30.164562716,34.441660364
"2021-04-22 00:00:00",0.0044527452,0.0012113265,0.1655313928,9.5960050687,14.006624503,50.26917163,90.722409476,92.669999885,31.183933074,35.605553582
"2021-04-23 00:00:00",0.0044527452,0.0012113265,0.1732879224,10.020424837,15.126956508,52.345708488,91.190365993,92.918490122,32.141153674,36.698510674
"2021-04-24 00:00:00",0.0049474947,0.0012113265,0.1803393129,10.317543684,15.88439922,53.974635596,91.647937722,93.126566054,32.863679613,37.523466126
"2021-04-25 00:00:00",0.0049474947,0.0012113265,0.1858041406,10.526627318,16.420806178,55.03381683,91.869479876,93.190074247,33.336906633,38.063798029
"2021-04-26 00:00:00",0.0054422442,0.0012113265,0.1896824054,10.851590636,17.090526557,56.034290764,92.056277861,93.280833227,33.844614638,38.643473776
"2021-04-27 00:00:00",0.0059369937,0.0012113265,0.1953235178,11.186307856,17.831940126,57.058327795,92.237178312,93.386141358,34.379268203,39.253916038
"2021-04-28 00:00:00",0.0064317431,0.0012113265,0.2064294579,11.558540083,18.616141873,58.678969959,92.545644992,93.510848354,35.099752812,40.076540693
"2021-04-29 00:00:00",0.0064317431,0.0012113265,0.2275836295,11.970788315,19.357949601,60.010039928,92.95449796,93.653106705,35.749374099,40.818280051
"2021-04-30 00:00:00",0.0064317431,0.0013627423,0.2439781125,12.379618514,20.076414342,61.285297875,93.300272953,93.777813702,36.370755039,41.527761185
"2021-05-01 00:00:00",0.0064317431,0.0013627423,0.2603725955,12.741013072,20.630514671,62.374144557,93.471557859,93.838781566,36.873797146,42.102136035
"2021-05-02 00:00:00",0.0064317431,0.0013627423,0.2802927737,13.017290249,21.049286988,63.293283493,93.538738466,93.876193665,37.27401453,42.559105336
"2021-05-03 00:00:00",0.0064317431,0.0013627423,0.2966872567,13.317660397,21.63557699,64.272866894,93.626047614,93.934852141,37.740720958,43.091992009
"2021-05-04 00:00:00",0.0076686168,0.0015141581,0.3171362893,13.739245698,22.411413801,65.347415364,93.739767458,94.017297322,38.303684858,43.734705813
"2021-05-05 00:00:00",0.0079159915,0.0015141581,0.3506303943,14.262621715,23.552242087,66.940262873,93.904513793,94.119834186,39.120298627,44.667104324
"2021-05-06 00:00:00",0.008410741,0.0015141581,0.3927624528,14.891539949,25.30011943,68.936221958,94.088106597,94.239229588,40.222080405,45.925095126
"2021-05-07 00:00:00",0.0086581157,0.0015141581,0.435775935,15.476023743,26.768713039,70.635793814,94.238621926,94.317055991,41.160579089,46.996662166
"2021-05-08 00:00:00",0.0086581157,0.0015141581,0.4865459469,15.985894358,28.038431404,72.155680354,94.334649167,94.360472501,41.982418664,47.935040835
"2021-05-09 00:00:00",0.0086581157,0.0016655739,0.5352005415,16.358460051,29.262514885,73.357665534,94.405675992,94.392803944,42.686677614,48.739152307
"2021-05-10 00:00:00",0.00940024,0.0016655739,0.5612906865,16.670751634,30.584525045,74.222595985,94.462215396,94.436913271,43.318125228,49.460100959
"2021-05-11 00:00:00",0.0096476147,0.0016655739,0.5983104868,17.072328932,32.251249375,75.24948375,94.559396503,94.510351835,44.102171031,50.355313277
"2021-05-12 00:00:00",0.0103897389,0.0016655739,0.6340962938,17.843970922,34.247578439,76.465633513,94.69593724,94.60226551,45.079804933,51.471538378
"2021-05-13 00:00:00",0.0108844884,0.0018169898,0.6846900209,18.81477591,36.779482346,77.739777892,94.83940117,94.681246608,46.244098077,52.80089151
"2021-05-14 00:00:00",0.0113792378,0.0018169898,0.7405722909,20.129551821,38.74388451,78.975214651,94.942095189,94.750528273,47.291370504,53.996643387
"2021-05-15 00:00:00",0.0113792378,0.0019684056,0.8227209906,21.403227958,40.714067675,80.095998461,95.03440442,94.797177927,48.304045298,55.152904912
"2021-05-16 00:00:00",0.0116266126,0.0021198214,0.894645174,22.357276244,42.590265755,80.812601669,95.100431161,94.830202187,49.137374646,56.104375997
"2021-05-17 00:00:00",0.0116266126,0.0021198214,0.93113612,23.720238095,43.989355948,81.329118999,95.154791041,94.872002125,49.845459632,56.912869366
"2021-05-18 00:00:00",0.012121362,0.0021198214,0.9727393242,25.014255702,45.604708189,81.761940566,95.22517683,94.928582151,50.582146572,57.753993886
"2021-05-19 00:00:00",0.0126161115,0.0021198214,1.0416666667,26.473672802,47.632526197,82.403533841,95.313511635,94.991628466,51.510275298,58.813707161
"2021-05-20 00:00:00",0.0138529852,0.0021198214,1.1169402606,28.387271575,50.093569029,83.088467178,95.405051623,95.066452663,52.630032448,60.092182335
"2021-05-21 00:00:00",0.0143477347,0.0021198214,1.3186100299,29.920634921,52.234817314,83.713000593,95.467744975,95.121185178,53.600282567,61.199989931
"2021-05-22 00:00:00",0.0148424841,0.0022712372,1.6168838495,31.526443911,54.212620892,84.359805366,95.530694742,95.159982911,54.548591301,62.282731475
"2021-05-23 00:00:00",0.0148424841,0.0022712372,2.006825746,33.169351074,55.688834913,84.721447674,95.57300314,95.188388393,55.297444569,63.13777418
"2021-05-24 00:00:00",0.0148424841,0.0022712372,2.467986687,34.280879018,56.600525283,84.932936487,95.612490977,95.22210547,55.786990567,63.696739136
"2021-05-25 00:00:00",0.0158319831,0.0022712372,2.9339073165,35.677604375,57.595821211,85.155427352,95.655696826,95.270140757,56.343013944,64.331554869
"2021-05-26 00:00:00",0.0165741073,0.0022712372,3.9940838833,37.659980659,59.091655605,85.543617118,95.734672501,95.336189278,57.201165868,65.311355121
"2021-05-27 00:00:00",0.017810981,0.0022712372,5.7047512269,40.14364079,60.781635332,85.970380876,95.818391845,95.407087514,58.235012174,66.49173706
"2021-05-28 00:00:00",0.017810981,0.0022712372,7.2595828397,42.325763639,62.532884926,86.41496172,95.879162089,95.453968107,59.233980894,67.63236227
"2021-05-29 00:00:00",0.0180583557,0.002422653,9.6036413381,44.29213352,63.989259598,86.785200772,95.931214238,95.485144856,60.155414057,68.684430532
"2021-05-30 00:00:00",0.0180583557,0.002422653,11.854974051,46.113278645,65.011139379,87.046577427,95.969291796,95.507545928,60.904418967,69.539646382
"2021-05-31 00:00:00",0.0195426041,0.002422653,12.968917471,47.704498466,65.837647552,87.265861216,96.017625935,95.542417699,61.484565035,70.201978833
"2021-06-01 00:00:00",0.0205321031,0.0025740688,14.366679359,49.537648393,66.494360676,87.503229347,96.075319204,95.588143598,62.078242207,70.879774453
"2021-06-02 00:00:00",0.0212742273,0.0025740688,16.912583912,51.934357076,67.260387301,87.796320415,96.154807708,95.641028602,62.872774615,71.786933768
"2021-06-03 00:00:00",0.021521602,0.0027254846,19.734021549,54.749983327,68.107085188,88.115112631,96.24006554,95.704767733,63.773432868,72.815281181
"2021-06-04 00:00:00",0.0220163515,0.0028769005,23.262713657,57.06432573,68.987374203,88.420898373,96.303399928,95.741487015,64.652942939,73.819468224
"2021-06-05 00:00:00",0.0220163515,0.0030283163,26.74310374,59.383086568,69.771707336,88.685526646,96.345323704,95.767121231,65.491008173,74.776360076
"2021-06-06 00:00:00",0.0220163515,0.0031797321,29.806932927,60.99714886,70.341924399,88.882227278,96.38724748,95.791600753,66.128031536,75.503701771
"2021-06-07 00:00:00",0.0220163515,0.0031797321,32.95978592,61.866496599,70.650375918,89.000310017,96.416222322,95.814232763,66.575152858,76.014226116
"2021-06-08 00:00:00",0.0220163515,0.0031797321,37.197142777,62.532846472,70.887703589,89.092246182,96.447376687,95.836633835,67.040027921,76.545021732
"2021-06-09 00:00:00",0.0220163515,0.0031797321,40.241051785,63.136587969,71.14176113,89.194382629,96.479941332,95.862729929,67.424614547,76.984143791
"2021-06-10 00:00:00",0.0220163515,0.0033311479,45.023128561,63.70781646,71.392971965,89.28854593,96.507890516,95.88305255,67.916120222,77.545332993
"2021-06-11 00:00:00",0.0220163515,0.0033311479,48.86754668,64.292717087,71.680620634,89.397541955,96.533916591,95.902451416,68.360850271,78.053126977
"2021-06-12 00:00:00",0.0222637262,0.0051481377,51.170001974,65.093120582,72.08682365,89.569254123,96.572506978,95.927623754,68.783288994,78.535295518
"2021-06-13 00:00:00",0.0222637262,0.0051481377,52.42444435,65.667016807,72.356122016,89.673706791,96.599943332,95.944251354,69.049011874,78.838698627
"2021-06-14 00:00:00",0.0222637262,0.0052995535,54.829497377,66.011654662,72.52162511,89.743549769,96.624046298,95.96365022,69.321931901,79.15030614
"2021-06-15 00:00:00",0.0225111009,0.0054509693,56.651576691,66.303688142,72.661201284,89.805865028,96.645841533,95.981894392,69.539782669,79.399022104
"2021-06-16 00:00:00",0.0225111009,0.0056023851,58.442806171,66.585050687,72.805025618,89.875128951,96.67366251,96.013763957,69.758274999,79.648483923
"2021-06-17 00:00:00",0.0227584757,0.0056023851,60.434823997,66.862661731,72.953930228,89.941096713,96.697252647,96.032239068,69.988956986,79.911863927
"2021-06-18 00:00:00",0.0237479746,0.0056023851,61.67322446,67.138688809,73.122980755,90.014681279,96.716740151,96.051406995,70.176607731,80.126070785
"2021-06-19 00:00:00",0.0239953494,0.0056023851,62.229579173,67.407796452,73.285024006,90.090270267,96.737637935,96.064339573,70.31659633,80.28589683
"2021-06-20 00:00:00",0.0239953494,0.0056023851,62.506169967,67.574363079,73.387724392,90.136371978,96.749817625,96.072653372,70.399159392,80.380167559
"2021-06-21 00:00:00",0.0239953494,0.0057538009,62.711189146,67.775276777,73.499840803,90.183943598,96.763792217,96.089511911,70.485291865,80.478500533
"2021-06-22 00:00:00",0.0239953494,0.0057538009,62.947587014,67.97810791,73.619271059,90.233653269,96.78379255,96.107987021,70.576895104,80.583093361
"2021-06-23 00:00:00",0.0239953494,0.0057538009,63.183808597,68.198195945,73.753329003,90.293696849,96.806613444,96.128540582,70.677865132,80.698381215
"2021-06-24 00:00:00",0.0239953494,0.0057538009,63.330124951,68.330248766,73.824496648,90.32536672,96.814946916,96.136854381,70.734450808,80.762990894
"2021-06-25 00:00:00",0.0239953494,0.0059052167,63.551538613,68.532746432,73.951284543,90.387637437,96.836101115,96.150017898,70.830113378,80.872205358
"2021-06-26 00:00:00",0.0239953494,0.0059052167,63.80380211,68.749916633,74.085824237,90.447369218,96.850203914,96.160872025,70.930500169,80.986827271
"2021-06-27 00:00:00",0.0239953494,0.0059052167,63.980792012,68.889722556,74.178977209,90.489417542,96.864563127,96.166414558,70.999182185,81.065248583
"2021-06-28 00:00:00",0.0239953494,0.0059052167,64.17241355,69.066293184,74.29980892,90.54433871,96.884050632,96.183042158,71.085746254,81.164087674
"2021-06-29 00:00:00",0.0242427241,0.0059052167,64.338121228,69.242947179,74.419852313,90.602288783,96.904692001,96.206597924,71.171657097,81.26216759
"2021-06-30 00:00:00",0.0244900988,0.0059052167,64.54137756,69.443777511,74.55145771,90.668924685,96.929307796,96.230615568,71.269174361,81.37349975
"2021-07-01 00:00:00",0.0244900988,0.0060566325,64.709200654,69.588085234,74.649909935,90.718278014,96.945718326,96.247705045,71.341985696,81.456622612
"2021-07-02 00:00:00",0.0247374736,0.0060566325,64.865565239,69.752817794,74.770172305,90.777297112,96.964949416,96.260868561,71.425295302,81.551732428
"2021-07-03 00:00:00",0.0247374736,0.0060566325,65.036914029,69.910214086,74.87151503,90.830392029,96.980334288,96.270106116,71.501419424,81.638651159
"2021-07-04 00:00:00",0.0247374736,0.0060566325,65.154848536,70.016339869,74.941806765,90.865001719,96.990206247,96.2777271,71.553140902,81.697706882
"2021-07-05 00:00:00",0.0249848483,0.0060566325,65.293232075,70.159397092,75.043850218,90.91520136,97.005462912,96.288119349,71.624564132,81.779244803
"2021-07-06 00:00:00",0.0249848483,0.0063594642,65.421214814,70.31462585,75.144536011,90.962995694,97.023411929,96.301282865,71.696407294,81.861248883
"2021-07-07 00:00:00",0.0249848483,0.00651088,65.564534326,70.487028145,75.266024654,91.018585003,97.043155847,96.318372343,71.779600252,81.956225511
"2021-07-08 00:00:00",0.0249848483,0.0066622958,65.694279912,70.647175537,75.385411115,91.07283803,97.06084845,96.337078392,71.859165474,82.04705998
"2021-07-09 00:00:00",0.0249848483,0.0068137116,65.835836577,70.811991463,75.511147919,91.136934998,97.07866926,96.350703786,71.944189797,82.144127665
"2021-07-10 00:00:00",0.0249848483,0.0069651274,65.969284143,70.954465119,75.616826396,91.188693633,97.093156681,96.361326975,72.016522877,82.226704455
"2021-07-11 00:00:00",0.0249848483,0.0069651274,66.079638405,71.06517607,75.697541454,91.227000369,97.103413262,96.367562325,72.07209372,82.290155395
"2021-07-12 00:00:00",0.0249848483,0.0069651274,66.19827805,71.215736295,75.790694425,91.273547507,97.12084945,96.382804291,72.14036747,82.368110548
"2021-07-13 00:00:00",0.025232223,0.0069651274,66.356758053,71.391389889,75.91691298,91.334838283,97.143157514,96.396429685,72.227829724,82.46796187
"2021-07-14 00:00:00",0.025232223,0.0069651274,66.488266486,71.557122849,76.027671732,91.389714909,97.164055298,96.41398104,72.306380114,82.557650919
"2021-07-15 00:00:00",0.025232223,0.0069651274,66.642868224,71.746115113,76.157131151,91.451139314,97.18790185,96.434072723,72.396805213,82.660898545
"2021-07-16 00:00:00",0.025232223,0.0069651274,66.803111074,71.911931439,76.284225615,91.510069326,97.205594452,96.448390933,72.482226137,82.758432389
"2021-07-17 00:00:00",0.025232223,0.0071165432,66.923689852,72.039399093,76.371772766,91.554968384,97.217774142,96.456704733,72.54465585,82.829701486
"2021-07-18 00:00:00",0.025232223,0.0071165432,67.025053591,72.133603441,76.430984246,91.584188405,97.225081956,96.462016327,72.588900226,82.880219835
"2021-07-19 00:00:00",0.025232223,0.0072679591,67.141754104,72.26924103,76.526283196,91.630735543,97.240979657,96.472870455,72.655179304,82.955884149
"2021-07-20 00:00:00",0.0254795978,0.0074193749,67.310987477,72.428471389,76.641859451,91.685033113,97.261749234,96.487881482,72.736330932,83.048516661
"2021-07-21 00:00:00",0.026221722,0.0074193749,67.461710949,72.597789116,76.759800661,91.744052211,97.283929091,96.502661571,72.819663866,83.143626477
"2021-07-22 00:00:00",0.026221722,0.0074193749,67.62124866,72.762938509,76.882603168,91.803160395,97.308160264,96.520674803,72.904629865,83.240640886
"2021-07-23 00:00:00",0.026221722,0.0074193749,67.773382411,72.920584901,77.001245105,91.861244096,97.32944267,96.536378647,72.986294742,83.333886065
"2021-07-24 00:00:00",0.026221722,0.0074193749,67.884618097,73.031629318,77.086295915,91.901867052,97.340596702,96.54399963,73.043883585,83.399641164
"2021-07-25 00:00:00",0.0264690967,0.0075707907,67.998498054,73.118330666,77.157113195,91.931710672,97.350212247,96.549542164,73.091405755,83.453875469
"2021-07-26 00:00:00",0.0264690967,0.0075707907,68.139702149,73.250466853,77.258236943,91.981598513,97.366622777,96.561089108,73.161312568,83.533695259
"2021-07-27 00:00:00",0.0264690967,0.0078736223,68.275970271,73.39744231,77.368864309,92.033134435,97.3829051,96.575407318,73.236083581,83.619042368
"2021-07-28 00:00:00",0.0267164714,0.0078736223,68.431100863,73.545668267,77.483126699,92.08422493,97.40162336,96.59157304,73.313432502,83.707346258
"2021-07-29 00:00:00",0.0269638462,0.0080250381,68.566840131,73.691226491,77.594323406,92.133489173,97.421880108,96.605429373,73.387865236,83.79230712
"2021-07-30 00:00:00",0.0274585957,0.0080250381,68.732195239,73.838785514,77.710337615,92.189167568,97.439829125,96.619516645,73.467302146,83.882981763
"2021-07-31 00:00:00",0.0274585957,0.0080250381,68.867934507,73.953164599,77.799943153,92.227207047,97.451752401,96.625521056,73.527503893,83.951720281
"2021-08-01 00:00:00",0.0274585957,0.0080250381,68.986574152,74.038198613,77.862614476,92.253799048,97.459829459,96.629677956,73.571853251,84.0023585
"2021-08-02 00:00:00",0.0277059704,0.0080250381,69.139765612,74.163165266,77.958395176,92.295134688,97.473932258,96.639377389,73.637595752,84.077410147
"2021-08-03 00:00:00",0.0277059704,0.0080250381,69.272508039,74.295634921,78.051810921,92.340078288,97.490470995,96.653002783,73.703758182,84.152954591
"2021-08-04 00:00:00",0.0279533451,0.0081764539,69.397141366,74.421935441,78.147941985,92.385200059,97.506881525,96.665704421,73.769255723,84.227713224
"2021-08-05 00:00:00",0.0279533451,0.0081764539,69.567079878,74.594004268,78.279985337,92.4442637,97.529958833,96.685796104,73.858327712,84.329415864
"2021-08-06 00:00:00",0.0279533451,0.0081764539,69.755704575,74.802587702,78.444481135,92.511166859,97.552266897,96.702423704,73.964196933,84.450297629
"2021-08-07 00:00:00",0.0284480946,0.0081764539,69.918239127,74.960901027,78.557385866,92.562346439,97.565985074,96.709813748,74.042222409,84.539360693
"2021-08-08 00:00:00",0.0284480946,0.0081764539,70.052039262,75.066109777,78.634991445,92.589472953,97.573805717,96.71558722,74.094573782,84.599135634
"2021-08-09 00:00:00",0.0284480946,0.0081764539,70.220038642,75.223422702,78.742115172,92.63633189,97.591754734,96.727134164,74.170721235,84.686081003
"2021-08-10 00:00:00",0.0284480946,0.0081764539,70.373582671,75.401744031,78.863341043,92.688045982,97.612011482,96.744223641,74.254369118,84.781590384
"2021-08-11 00:00:00",0.0286954693,0.0081764539,70.576486433,75.643007203,79.017369723,92.753434689,97.639960666,96.768472224,74.363481138,84.906161467
"2021-08-12 00:00:00",0.0286954693,0.0083278697,70.837564168,75.904445111,79.203850848,92.828711878,97.668166264,96.787409212,74.490253581,85.05089727
"2021-08-13 00:00:00",0.0286954693,0.0083278697,71.072551757,76.153711485,79.37141233,92.896728605,97.690474328,96.801034606,74.605839534,85.182873627
"2021-08-14 00:00:00",0.0286954693,0.0083278697,71.274045242,76.342203548,79.506827933,92.949289009,97.706756651,96.806115262,74.69711616,85.287093527
"2021-08-15 00:00:00",0.0286954693,0.0084792856,71.454384555,76.489595838,79.597134199,92.98554678,97.718167098,96.812119673,74.764573378,85.364103044
"2021-08-16 00:00:00",0.0286954693,0.0084792856,71.691840131,76.682006136,79.725892891,93.034454681,97.737654602,96.826668822,74.856818177,85.469428407
"2021-08-17 00:00:00",0.0286954693,0.0086307014,71.91977633,76.868664132,79.848739194,93.084743407,97.756372863,96.838677644,74.946228444,85.571503975
"2021-08-18 00:00:00",0.0286954693,0.0087821172,72.145773397,77.064992664,79.97600884,93.138461922,97.778296305,96.855536182,75.039476412,85.67796144
"2021-08-19 00:00:00",0.0289428441,0.0087821172,72.393453489,77.262321595,80.112168966,93.191957724,97.799963333,96.87262566,75.136597074,85.788840759
"2021-08-20 00:00:00",0.0294375935,0.008933533,72.613633158,77.466153128,80.255555346,93.248705143,97.819066215,96.886251054,75.23519916,85.901384933
"2021-08-21 00:00:00",0.0294375935,0.008933533,72.787097366,77.617046819,80.358299527,93.288214532,97.831758734,96.893641098,75.307030656,85.983402332
"2021-08-22 00:00:00",0.0294375935,0.008933533,72.937291984,77.717003468,80.422591282,93.311911257,97.837784476,96.898721753,75.355089404,86.03827594
"2021-08-23 00:00:00",0.0294375935,0.0090849488,73.135612343,77.883986928,80.527262463,93.351376103,97.85214369,96.910037759,75.431680116,86.125714106
"2021-08-24 00:00:00",0.0294375935,0.0090849488,73.316656795,78.043217287,80.622430027,93.388970155,97.865861867,96.925048786,75.503138341,86.207305302
"2021-08-25 00:00:00",0.0294375935,0.0090849488,73.585138489,78.253968254,80.757407676,93.436363604,97.889708418,96.94490953,75.601927062,86.320102534
"2021-08-26 00:00:00",0.0296849683,0.0090849488,73.84198539,78.493980926,80.913363357,93.497565295,97.911503653,96.963846518,75.713022089,86.44693782
"2021-08-27 00:00:00",0.029932343,0.0090849488,74.100242568,78.730825664,81.076895654,93.557163449,97.92945267,96.976779095,75.824712018,86.574452366
"2021-08-28 00:00:00",0.029932343,0.0090849488,74.320598522,78.89539149,81.194136136,93.601394365,97.940863117,96.984631017,75.90656353,86.667910646
"2021-08-29 00:00:00",0.029932343,0.0093877804,74.483133074,79.013855542,81.272967989,93.627630025,97.949581211,96.991559184,75.962927576,86.732240629
"2021-08-30 00:00:00",0.029932343,0.0096906121,74.640907937,79.18767507,81.380485876,93.664333222,97.963555803,97.0005658,76.037686923,86.817574419
"2021-08-31 00:00:00",0.029932343,0.0096906121,74.795157105,79.401093771,81.505083998,93.710924903,97.981248405,97.012805561,76.125370808,86.917692117
"2021-09-01 00:00:00",0.029932343,0.0096906121,74.970736729,79.604091637,81.623857321,93.752260543,97.997274314,97.024583444,76.209905211,87.01421373
"2021-09-02 00:00:00",0.029932343,0.0098420279,75.207839736,79.842937175,81.767813042,93.80486549,98.016633611,97.041211043,76.313744767,87.132764699
"2021-09-03 00:00:00",0.029932343,0.0099934437,75.448468438,80.068860878,81.911549786,93.856178698,98.03445442,97.055760193,76.415368021,87.248785089
"2021-09-04 00:00:00",0.029932343,0.0099934437,75.659833869,80.231092437,82.013505648,93.897113454,98.046249489,97.061995543,76.491317172,87.335504037
"2021-09-05 00:00:00",0.029932343,0.0099934437,75.78235178,80.343887555,82.076045584,93.919340269,98.052403437,97.064997748,76.538396081,87.389258864
"2021-09-06 00:00:00",0.029932343,0.0099934437,75.866615897,80.449429772,82.129957812,93.936355586,98.059070215,97.069847465,76.578406155,87.434942475
"2021-09-07 00:00:00",0.029932343,0.0099934437,76.044663508,80.601573963,82.229461127,93.974617779,98.074583294,97.08116347,76.649981027,87.51666686
"2021-09-08 00:00:00",0.0301797177,0.0099934437,76.299218706,80.800070028,82.362161412,94.030697058,98.093686177,97.099176703,76.747288326,87.62775928
"2021-09-09 00:00:00",0.0304270925,0.0099934437,76.539671123,80.994231026,82.49937263,94.092121463,98.118430179,97.116497119,76.846135371,87.740609787
"2021-09-10 00:00:00",0.0306744672,0.0099934437,76.748568568,81.172719088,82.646963375,94.156129345,98.138174098,97.13705068,76.943850936,87.852168367
"2021-09-11 00:00:00",0.0306744672,0.0101448595,76.910574265,81.326780712,82.750408283,94.201384744,98.151251239,97.146288235,77.017198849,87.935903896
"2021-09-12 00:00:00",0.030921842,0.0101448595,77.018107971,81.422569028,82.817459153,94.229223941,98.159584711,97.151830768,77.063916151,87.989232519
"2021-09-13 00:00:00",0.030921842,0.0102962753,77.164953179,81.543450714,82.906057396,94.262898234,98.17086695,97.161992079,77.124514499,88.058410559
"2021-09-14 00:00:00",0.030921842,0.0102962753,77.311445817,81.671752034,82.994305275,94.299066919,98.18445692,97.176772167,77.187119183,88.129892758
"2021-09-15 00:00:00",0.030921842,0.0102962753,77.420918655,81.826647326,83.102085935,94.345302258,98.20227773,97.197094789,77.259498922,88.212536142
"2021-09-16 00:00:00",0.030921842,0.0102962753,77.593854008,81.99779912,83.232027104,94.399555286,98.225996074,97.219033983,77.346972841,88.312414102
"2021-09-17 00:00:00",0.030921842,0.0104476911,77.758327692,82.160030679,83.359822295,94.451848434,98.243304055,97.235661582,77.430714042,88.408016715
"2021-09-18 00:00:00",0.030921842,0.0104476911,77.901999774,82.288915566,83.452055562,94.493317702,98.255611953,97.24651571,77.495348392,88.481816391
"2021-09-19 00:00:00",0.030921842,0.0104476911,77.978683646,82.353441377,83.500580947,94.512248356,98.260740243,97.250903548,77.528021341,88.519122454
"2021-09-20 00:00:00",0.030921842,0.0104476911,78.033508208,82.442143524,83.562069792,94.537192277,98.268432679,97.257369837,77.56799642,88.564766109
"2021-09-21 00:00:00",0.030921842,0.0104476911,78.089743047,82.54193344,83.63087248,94.565165102,98.281766235,97.267531148,77.613057328,88.616216776
"2021-09-22 00:00:00",0.030921842,0.0105991069,78.177709144,82.659647192,83.716492631,94.60088836,98.293945925,97.281849359,77.669351385,88.680480165
"2021-09-23 00:00:00",0.030921842,0.0107505228,78.28489028,82.778194611,83.805835396,94.63812607,98.307535895,97.297322264,77.728608287,88.748126539
"2021-09-24 00:00:00",0.030921842,0.0107505228,78.424860382,82.903161265,83.89955771,94.674472926,98.320613036,97.310023902,77.791667896,88.820128172
"2021-09-25 00:00:00",0.030921842,0.0107505228,78.547202008,82.993947579,83.970287399,94.703871118,98.328433679,97.317183008,77.840076586,88.875401347
"2021-09-26 00:00:00",0.030921842,0.0107505228,78.612603655,83.050386821,84.008170484,94.71718939,98.333305555,97.32087803,77.866508897,88.905581831
"2021-09-27 00:00:00",0.030921842,0.0109019386,78.661081965,83.10690943,84.052272525,94.735941874,98.340356955,97.328037135,77.895297487,88.938439403
"2021-09-28 00:00:00",0.030921842,0.0109019386,78.714319964,83.185107376,84.110695687,94.759282256,98.348690427,97.337505629,77.932671328,88.981112957
"2021-09-29 00:00:00",0.030921842,0.0109019386,78.789593558,83.285230759,84.186768424,94.787522338,98.364716335,97.349976329,77.981406631,89.036759058
"2021-09-30 00:00:00",0.030921842,0.0112047702,78.875444238,83.403444711,84.275979803,94.822265656,98.37946017,97.361985151,78.038458896,89.101874853
"2021-10-01 00:00:00",0.030921842,0.0112047702,78.974163705,83.514655862,84.35989193,94.855271809,98.393178348,97.371222706,78.093259866,89.164446749
"2021-10-02 00:00:00",0.030921842,0.0112047702,79.087691093,83.596521942,84.424577844,94.881462925,98.399845126,97.381153078,78.137422588,89.214871867
"2021-10-03 00:00:00",0.030921842,0.0112047702,79.137050826,83.637955182,84.452519357,94.892509519,98.402537478,97.383924344,78.157205995,89.237460615
"2021-10-04 00:00:00",0.030921842,0.0112047702,79.179711739,83.693894224,84.494431625,94.908633982,98.408178598,97.389466878,78.184034907,89.26809394
"2021-10-05 00:00:00",0.030921842,0.0112047702,79.240353698,83.766840069,84.548124875,94.929747229,98.41792235,97.396625983,78.219332424,89.308396741
"2021-10-06 00:00:00",0.0311692167,0.0112047702,79.310867603,83.864962652,84.616927564,94.955537461,98.427537895,97.40540166,78.264136708,89.359541075
"2021-10-07 00:00:00",0.0311692167,0.0112047702,79.400420263,83.978424703,84.707014852,94.992775172,98.441897109,97.41787236,78.321620569,89.425176305
"2021-10-08 00:00:00",0.0311692167,0.0112047702,79.493322333,84.08121582,84.789613115,95.026894892,98.454333213,97.433576204,78.375010105,89.486136622
"2021-10-09 00:00:00",0.0311692167,0.0112047702,79.602442602,84.159580499,84.852196847,95.055224059,98.462666685,97.438656859,78.418297971,89.535562827
"2021-10-10 00:00:00",0.0311692167,0.0112047702,79.650392057,84.205015339,84.884298929,95.066716079,98.466256489,97.440504371,78.43980776,89.560122762
"2021-10-11 00:00:00",0.0311692167,0.0112047702,79.684238732,84.240779645,84.911014167,95.077183618,98.470487329,97.441428126,78.457339871,89.580140975
"2021-10-12 00:00:00",0.0311692167,0.0112047702,79.742236419,84.314642524,84.965583327,95.099633146,98.477795143,97.449741926,78.49301066,89.620869978
"2021-10-13 00:00:00",0.0311692167,0.0112047702,79.806932927,84.401760704,85.03425463,95.128140484,98.487795309,97.45921042,78.53662514,89.67066911
"2021-10-14 00:00:00",0.0311692167,0.0112047702,79.893841316,84.499633187,85.106560956,95.159097671,98.50087245,97.466831403,78.5850105,89.725915647
"2021-10-15 00:00:00",0.0311692167,0.0112047702,79.972816889,84.593170602,85.180619102,95.189475804,98.510359788,97.477916469,78.632427686,89.78005672
"2021-10-16 00:00:00",0.0314165914,0.0112047702,80.080703165,84.683623449,85.245348811,95.217493172,98.518308638,97.482535247,78.677768548,89.831813721
"2021-10-17 00:00:00",0.0314165914,0.0112047702,80.12495064,84.727224223,85.275129733,95.229386077,98.521000991,97.484613697,78.698193516,89.855135004
"2021-10-18 00:00:00",0.0314165914,0.0112047702,80.158268461,84.773409364,85.304385109,95.240521756,98.526898525,97.49015623,78.718385189,89.878189911
"2021-10-19 00:00:00",0.0314165914,0.0112047702,80.199166526,84.83451714,85.348443356,95.256601676,98.533308888,97.499855663,78.746660529,89.910474773
"2021-10-20 00:00:00",0.0314165914,0.0112047702,80.256106504,84.920718287,85.407523449,95.281233798,98.544719335,97.514635752,78.786460638,89.955918645
"2021-10-21 00:00:00",0.0314165914,0.011356186,80.334905793,85.011671335,85.475406433,95.310097477,98.556386196,97.528723023,78.831824829,90.007702284
"2021-10-22 00:00:00",0.0314165914,0.0116590176,80.407182546,85.095538215,85.538647097,95.335130483,98.565617119,97.538884334,78.873118025,90.054824329
"2021-10-23 00:00:00",0.0314165914,0.0116590176,80.504315451,85.16948446,85.597552008,95.35967352,98.572668519,97.542810295,78.912848145,90.100188288
"2021-10-24 00:00:00",0.0314165914,0.0116590176,80.546271225,85.203247966,85.621683314,95.368626606,98.575104457,97.545581562,78.92948207,90.11918095
"2021-10-25 00:00:00",0.0314165914,0.0116590176,80.572185085,85.245848339,85.650807304,95.377846948,98.579848126,97.553202545,78.948145661,90.140491089
"2021-10-26 00:00:00",0.0316639662,0.0116590176,80.607970892,85.302370948,85.690398412,95.393214185,98.587027733,97.563363856,78.974169706,90.170192096
"2021-10-27 00:00:00",0.0316639662,0.0116590176,80.659269758,85.37515006,85.738573433,95.411654869,98.595745827,97.577682066,79.006924309,90.207591391
"2021-10-28 00:00:00",0.0316639662,0.0116590176,80.716562306,85.453181273,85.791828728,95.430496437,98.60215619,97.588305255,79.041871884,90.247494627
"2021-10-29 00:00:00",0.0316639662,0.0116590176,80.768742596,85.522625717,85.844865046,95.448803494,98.607412688,97.600314077,79.075046417,90.2853734
"2021-10-30 00:00:00",0.0316639662,0.0116590176,80.847541885,85.581232493,85.892514521,95.467155092,98.614592294,97.605163793,79.106856175,90.321693868
"2021-10-31 00:00:00",0.0316639662,0.0116590176,80.875042308,85.60440843,85.910164097,95.473925585,98.617284647,97.60585661,79.118672561,90.33518585
"2021-11-01 00:00:00",0.0321587156,0.0118104335,80.898840751,85.638255302,85.932018038,95.482522329,98.621259072,97.616710738,79.134000036,90.352646846
"2021-11-02 00:00:00",0.0321587156,0.0118104335,80.926870029,85.681105776,85.96547778,95.492945325,98.626259156,97.629643315,79.154599975,90.376167912
"2021-11-03 00:00:00",0.0321587156,0.0119618493,80.973056637,85.744130986,86.006952093,95.506798109,98.63215669,97.641421198,79.182292078,90.407773513
"2021-11-04 00:00:00",0.0321587156,0.0119618493,81.036519152,85.822245565,86.058499366,95.523813427,98.639464504,97.64927312,79.21666808,90.447024126
"2021-11-05 00:00:00",0.0321587156,0.0121132651,81.107914481,85.891940109,86.106236432,95.539225206,98.643438929,97.657817859,79.248699468,90.483584333
"2021-11-06 00:00:00",0.0321587156,0.0125675125,81.197467141,85.958550087,86.14959395,95.553211619,98.648182598,97.660358186,79.279751018,90.518999121
"2021-11-07 00:00:00",0.0321587156,0.0125675125,81.249118576,85.99964986,86.173243506,95.561051137,98.650618536,97.661974758,79.297574748,90.539350304
"2021-11-08 00:00:00",0.0321587156,0.0125675125,81.271859311,86.037581699,86.193608401,95.56897974,98.653310889,97.669364803,79.312505621,90.556398416
"2021-11-09 00:00:00",0.0321587156,0.0204411348,81.294600045,86.079181673,86.21800248,95.576730173,98.657413521,97.679064236,79.329827767,90.57548431
"2021-11-10 00:00:00",0.0321587156,0.0205925506,81.346427766,86.14504135,86.256104542,95.590582957,98.662670019,97.68645428,79.357111604,90.606623751
"2021-11-11 00:00:00",0.0324060904,0.0210467981,81.417999379,86.215986395,86.297535059,95.605326596,98.669721418,97.695691835,79.387824876,90.641638973
"2021-11-12 00:00:00",0.0324060904,0.0213496297,81.479875331,86.271675337,86.340542214,95.617620386,98.674593295,97.702389063,79.415190367,90.672858328
"2021-11-13 00:00:00",0.0326534651,0.0215010455,81.566960005,86.326113779,86.376892457,95.631695884,98.677798476,97.705622207,79.442415881,90.703917856
"2021-11-14 00:00:00",0.0326534651,0.0222581246,81.625839115,86.359543818,86.39892158,95.638466376,98.679336963,97.707931596,79.458944824,90.722724054
"2021-11-15 00:00:00",0.0326534651,0.0225609562,81.651400406,86.39614179,86.421432454,95.645949553,98.682926767,97.712088496,79.474272298,90.740198368
"2021-11-16 00:00:00",0.0326534651,0.022712372,81.679077114,86.438742164,86.445957919,95.654279041,98.68651657,97.718092907,79.491419472,90.75976374
"2021-11-17 00:00:00",0.0329008398,0.0234694511,81.724029729,86.496598639,86.483841003,95.667107343,98.692542312,97.725482951,79.516930269,90.788812124
"2021-11-18 00:00:00",0.0329008398,0.0237722827,81.785729396,86.557039482,86.525490498,95.682207323,98.698439846,97.731487362,79.54538058,90.82127013
"2021-11-19 00:00:00",0.0329008398,0.0237722827,81.859768996,86.609477124,86.56311081,95.694857454,98.702798893,97.738415528,79.571696244,90.851317426
"2021-11-20 00:00:00",0.0329008398,0.0248321934,81.953728775,86.665999733,86.601431849,95.707685756,98.707542562,97.740955856,79.600029908,90.88357565
"2021-11-21 00:00:00",0.0329008398,0.0248321934,82.006614204,86.697178872,86.619606971,95.713966279,98.709337463,97.742572428,79.614622504,90.900237515
"2021-11-22 00:00:00",0.0329008398,0.0249836092,82.032880634,86.731192477,86.64176748,95.722117596,98.712158023,97.745574634,79.629576706,90.917298945
"2021-11-23 00:00:00",0.0329008398,0.0254378567,82.065493315,86.776627318,86.668833083,95.731560652,98.716901692,97.749500595,79.648438598,90.938795548
"2021-11-24 00:00:00",0.0331482146,1.1145718037,82.139004062,86.823562758,86.698789187,95.744255326,98.722029983,97.751809983,79.755672594,90.965419904
"2021-11-25 00:00:00",0.0333955893,2.3539102377,82.245127489,86.884420435,86.739475181,95.757885397,98.726517237,97.755505006,79.881698494,91.000288619
"2021-11-26 00:00:00",0.033642964,4.5470168813,82.349840639,86.932856476,86.775124697,95.770580071,98.731901942,97.7608166,80.077946156,91.031441379
"2021-11-27 00:00:00",0.0343850883,7.6723906891,82.474121397,86.967036815,86.796803456,95.778642302,98.733953258,97.763125989,80.339947982,91.055641706
"2021-11-28 00:00:00",0.0351272125,10.545657167,82.569315169,86.988962252,86.809547939,95.783898343,98.735363538,97.764742561,80.575680804,91.072023876
"2021-11-29 00:00:00",0.0358693367,12.374305948,82.642297061,87.02264239,86.830613561,95.792940514,98.738440512,97.768206644,80.734566289,91.092548204
"2021-11-30 00:00:00",0.0361167114,14.260341322,82.721272635,87.060740963,86.853562389,95.801804514,98.74228673,97.774211055,80.899517441,91.114977126
"2021-12-01 00:00:00",0.0368588356,16.442091779,82.834976307,87.110260771,86.887460086,95.813073822,98.746902192,97.777675138,81.094656952,91.145836871
"2021-12-02 00:00:00",0.0373535851,18.913652104,82.959609635,87.159363745,86.921357782,95.824476757,98.750620203,97.78137016,81.312741015,91.177415834
"2021-12-03 00:00:00",0.0376009598,22.099895069,83.067672195,87.197128852,86.947854044,95.833697099,98.755107457,97.78552706,81.580738521,91.203134508
"2021-12-04 00:00:00",0.038343084,25.245710011,83.196007503,87.22830799,86.969926962,95.841313903,98.75638953,97.788760205,81.844128452,91.227121734
"2021-12-05 00:00:00",0.038343084,27.332371338,83.28027162,87.252567694,86.985780924,95.845901803,98.757671602,97.789453021,82.019426232,91.243730324
"2021-12-06 00:00:00",0.038343084,28.965845135,83.344262989,87.280162065,87.005226114,95.852761381,98.761261406,97.791531471,82.160767941,91.261431058
"2021-12-07 00:00:00",0.0388378335,31.088997673,83.415482033,87.311007736,87.026992464,95.859620959,98.763697344,97.793378982,82.341291528,91.28077001
"2021-12-08 00:00:00",0.0388378335,33.368259914,83.518784904,87.357776444,87.055590908,95.870489382,98.768441012,97.798459638,82.541411884,91.308779524
"2021-12-09 00:00:00",0.0395799577,35.321069662,83.619796074,87.406962785,87.087999559,95.881357805,98.772928267,97.80215466,82.717526197,91.338054328
"2021-12-10 00:00:00",0.0400747072,37.557026981,83.696656231,87.439142324,87.11449582,95.890399976,98.776902692,97.806773437,82.909411244,91.360443294
"2021-12-11 00:00:00",0.0400747072,39.852793546,83.791321149,87.471738695,87.137795012,95.898595835,98.77933863,97.80839001,83.105752224,91.382685751
"2021-12-12 00:00:00",0.0400747072,41.014304252,83.856017657,87.495998399,87.1533862,95.903985504,98.781774568,97.81046846,83.208798577,91.398175559
"2021-12-13 00:00:00",0.0400747072,42.597507999,83.911723642,87.521508603,87.169634321,95.909865142,98.784851542,97.813239726,83.344307914,91.413638729
"2021-12-14 00:00:00",0.0403220819,44.458256931,83.971484177,87.550603575,87.189736443,95.918862771,98.788056724,97.817627565,83.503916613,91.432191869
"2021-12-15 00:00:00",0.0408168314,46.087036838,84.042174367,87.58486728,87.214086726,95.928083113,98.792415771,97.821784465,83.648396138,91.453861617
"2021-12-16 00:00:00",0.0408168314,47.699766668,84.117976815,87.627384287,87.24356108,95.938550651,98.798056891,97.82686512,83.794963653,91.479353871
"2021-12-17 00:00:00",0.0420537051,49.190455353,84.16998082,87.656979458,87.265765385,95.947503737,98.803954425,97.834255164,83.92661196,91.498479721
"2021-12-18 00:00:00",0.0427958293,50.584389332,84.247193547,87.684240363,87.287619326,95.95574414,98.807800643,97.837026431,84.051424726,91.518338107
"2021-12-19 00:00:00",0.0427958293,51.246984933,84.299550121,87.7054155,87.30277256,95.962336461,98.811262239,97.839566759,84.115102566,91.532762408
"2021-12-20 00:00:00",0.043043204,52.285545998,84.34538416,87.733176604,87.322349137,95.970532321,98.815364871,97.845340231,84.210065251,91.549823838
"2021-12-21 00:00:00",0.0432905787,52.980393166,84.39756445,87.762271575,87.343808919,95.979797206,98.82151882,97.852037458,84.280170366,91.568736587
"2021-12-22 00:00:00",0.0440327029,53.617248078,84.456619845,87.791366547,87.36710811,95.990398372,98.829724085,97.86196783,84.347475942,91.589527292
"2021-12-23 00:00:00",0.0442800777,53.952936937,84.512149546,87.820794985,87.391502189,96.003093046,98.836775485,97.867741302,84.391895289,91.610704243
"2021-12-24 00:00:00",0.0442800777,54.02803918,84.528367744,87.830548886,87.399472965,96.007680946,98.83933963,97.868895997,84.403735005,91.617616719
"2021-12-25 00:00:00",0.0442800777,54.02803918,84.528367744,87.830632253,87.399516761,96.007859117,98.83933963,97.868895997,84.403804993,91.617696632
"2021-12-26 00:00:00",0.0442800777,54.118283005,84.541941671,87.836884754,87.405823309,96.010977107,98.840878117,97.869588813,84.415201448,91.622771109
"2021-12-27 00:00:00",0.0442800777,54.383109263,84.572967789,87.856142457,87.422421793,96.019484766,98.845493579,97.874207591,84.447652768,91.636529468
"2021-12-28 00:00:00",0.0442800777,54.640516146,84.601349636,87.877484327,87.439939983,96.029284163,98.850878284,97.879057307,84.480314052,91.651180189
"2021-12-29 00:00:00",0.0442800777,54.986652696,84.644010549,87.901493931,87.4591224,96.040464385,98.858057891,97.885754535,84.522190485,91.668547952